scientific_name,common_name_en,category,list_source,project_existing_media_note,iucn_search,gbif_species,morphosource,pbdb_ui,bhl,smithsonian_3d_search,sketchfab_search,xeno_canto,macaulay,notable_curated_count
Mammuthus primigenius,Woolly Mammoth,Pleistocene Megafauna,unified_priority_csv,"Sketchfab ""Woolly Mammoth""",https://www.iucnredlist.org/search?query=Mammuthus%20primigenius,https://www.gbif.org/species/search?q=Mammuthus%20primigenius,https://www.morphosource.org/catalog?utf8=%E2%9C%93&q=Mammuthus%20primigenius,https://paleobiodb.org/#/taxon/list?taxon_name=Mammuthus%20primigenius,https://www.biodiversitylibrary.org/search?searchTerm=Mammuthus%20primigenius,https://3d.si.edu/search?q=Mammuthus%20primigenius,https://sketchfab.com/search?q=Mammuthus%20primigenius,,,2
Mammuthus columbi,Columbian Mammoth,Pleistocene Megafauna,unified_priority_csv,"Sketchfab ""Columbian Mammoth""",https://www.iucnredlist.org/search?query=Mammuthus%20columbi,https://www.gbif.org/species/search?q=Mammuthus%20columbi,https://www.morphosource.org/catalog?utf8=%E2%9C%93&q=Mammuthus%20columbi,https://paleobiodb.org/#/taxon/list?taxon_name=Mammuthus%20columbi,https://www.biodiversitylibrary.org/search?searchTerm=Mammuthus%20columbi,https://3d.si.edu/search?q=Mammuthus%20columbi,https://sketchfab.com/search?q=Mammuthus%20columbi,,,0
Mammut americanum,American Mastodon,Pleistocene Megafauna,unified_priority_csv,"Sketchfab ""Mastodon""",https://www.iucnredlist.org/search?query=Mammut%20americanum,https://www.gbif.org/species/search?q=Mammut%20americanum,https://www.morphosource.org/catalog?utf8=%E2%9C%93&q=Mammut%20americanum,https://paleobiodb.org/#/taxon/list?taxon_name=Mammut%20americanum,https://www.biodiversitylibrary.org/search?searchTerm=Mammut%20americanum,https://3d.si.edu/search?q=Mammut%20americanum,https://sketchfab.com/search?q=Mammut%20americanum,,,0
Smilodon fatalis,Saber-toothed Cat,Pleistocene Megafauna,unified_priority_csv,"Sketchfab ""Smilodon""",https://www.iucnredlist.org/search?query=Smilodon%20fatalis,https://www.gbif.org/species/search?q=Smilodon%20fatalis,https://www.morphosource.org/catalog?utf8=%E2%9C%93&q=Smilodon%20fatalis,https://paleobiodb.org/#/taxon/list?taxon_name=Smilodon%20fatalis,https://www.biodiversitylibrary.org/search?searchTerm=Smilodon%20fatalis,https://3d.si.edu/search?q=Smilodon%20fatalis,https://sketchfab.com/search?q=Smilodon%20fatalis,,,1
Megatherium americanum,Giant Ground Sloth,Pleistocene Megafauna,unified_priority_csv,"Sketchfab ""Megatherium""",https://www.iucnredlist.org/search?query=Megatherium%20americanum,https://www.gbif.org/species/search?q=Megatherium%20americanum,https://www.morphosource.org/catalog?utf8=%E2%9C%93&q=Megatherium%20americanum,https://paleobiodb.org/#/taxon/list?taxon_name=Megatherium%20americanum,https://www.biodiversitylibrary.org/search?searchTerm=Megatherium%20americanum,https://3d.si.edu/search?q=Megatherium%20americanum,https://sketchfab.com/search?q=Megatherium%20americanum,,,0
Coelodonta antiquitatis,Woolly Rhinoceros,Pleistocene Megafauna,unified_priority_csv,"Sketchfab ""Woolly Rhino""",https://www.iucnredlist.org/search?query=Coelodonta%20antiquitatis,https://www.gbif.org/species/search?q=Coelodonta%20antiquitatis,https://www.morphosource.org/catalog?utf8=%E2%9C%93&q=Coelodonta%20antiquitatis,https://paleobiodb.org/#/taxon/list?taxon_name=Coelodonta%20antiquitatis,https://www.biodiversitylibrary.org/search?searchTerm=Coelodonta%20antiquitatis,https://3d.si.edu/search?q=Coelodonta%20antiquitatis,https://sketchfab.com/search?q=Coelodonta%20antiquitatis,,,1
Aenocyon dirus,Dire Wolf,Pleistocene Megafauna,unified_priority_csv,"Sketchfab ""Dire Wolf""",https://www.iucnredlist.org/search?query=Aenocyon%20dirus,https://www.gbif.org/species/search?q=Aenocyon%20dirus,https://www.morphosource.org/catalog?utf8=%E2%9C%93&q=Aenocyon%20dirus,https://paleobiodb.org/#/taxon/list?taxon_name=Aenocyon%20dirus,https://www.biodiversitylibrary.org/search?searchTerm=Aenocyon%20dirus,https://3d.si.edu/search?q=Aenocyon%20dirus,https://sketchfab.com/search?q=Aenocyon%20dirus,,,0
Megaloceros giganteus,Irish Elk,Pleistocene Megafauna,unified_priority_csv,Natural History Museum Dublin,https://www.iucnredlist.org/search?query=Megaloceros%20giganteus,https://www.gbif.org/species/search?q=Megaloceros%20giganteus,https://www.morphosource.org/catalog?utf8=%E2%9C%93&q=Megaloceros%20giganteus,https://paleobiodb.org/#/taxon/list?taxon_name=Megaloceros%20giganteus,https://www.biodiversitylibrary.org/search?searchTerm=Megaloceros%20giganteus,https://3d.si.edu/search?q=Megaloceros%20giganteus,https://sketchfab.com/search?q=Megaloceros%20giganteus,,,0
Ursus spelaeus,Cave Bear,Pleistocene Megafauna,unified_priority_csv,"Sketchfab ""Cave Bear""",https://www.iucnredlist.org/search?query=Ursus%20spelaeus,https://www.gbif.org/species/search?q=Ursus%20spelaeus,https://www.morphosource.org/catalog?utf8=%E2%9C%93&q=Ursus%20spelaeus,https://paleobiodb.org/#/taxon/list?taxon_name=Ursus%20spelaeus,https://www.biodiversitylibrary.org/search?searchTerm=Ursus%20spelaeus,https://3d.si.edu/search?q=Ursus%20spelaeus,https://sketchfab.com/search?q=Ursus%20spelaeus,,,0
Glyptodon spp.,Glyptodon,Pleistocene Megafauna,unified_priority_csv,"Sketchfab ""Glyptodon""",https://www.iucnredlist.org/search?query=Glyptodon%20spp.,https://www.gbif.org/species/search?q=Glyptodon%20spp.,https://www.morphosource.org/catalog?utf8=%E2%9C%93&q=Glyptodon%20spp.,https://paleobiodb.org/#/taxon/list?taxon_name=Glyptodon%20spp.,https://www.biodiversitylibrary.org/search?searchTerm=Glyptodon%20spp.,https://3d.si.edu/search?q=Glyptodon%20spp.,https://sketchfab.com/search?q=Glyptodon%20spp.,,,0
Thylacinus cynocephalus,Thylacine,Mammals,unified_priority_csv,"Sketchfab ""Thylacine""",https://www.iucnredlist.org/search?query=Thylacinus%20cynocephalus,https://www.gbif.org/species/search?q=Thylacinus%20cynocephalus,https://www.morphosource.org/catalog?utf8=%E2%9C%93&q=Thylacinus%20cynocephalus,https://paleobiodb.org/#/taxon/list?taxon_name=Thylacinus%20cynocephalus,https://www.biodiversitylibrary.org/search?searchTerm=Thylacinus%20cynocephalus,https://3d.si.edu/search?q=Thylacinus%20cynocephalus,https://sketchfab.com/search?q=Thylacinus%20cynocephalus,,,2
Hydrodamalis gigas,Steller's Sea Cow,Mammals,unified_priority_csv,"Sketchfab ""Steller's Sea Cow""",https://www.iucnredlist.org/search?query=Hydrodamalis%20gigas,https://www.gbif.org/species/search?q=Hydrodamalis%20gigas,https://www.morphosource.org/catalog?utf8=%E2%9C%93&q=Hydrodamalis%20gigas,https://paleobiodb.org/#/taxon/list?taxon_name=Hydrodamalis%20gigas,https://www.biodiversitylibrary.org/search?searchTerm=Hydrodamalis%20gigas,https://3d.si.edu/search?q=Hydrodamalis%20gigas,https://sketchfab.com/search?q=Hydrodamalis%20gigas,,,1
Melomys rubicola,Bramble Cay Melomys,Mammals,unified_priority_csv,"Sketchfab ""Melomys""",https://www.iucnredlist.org/search?query=Melomys%20rubicola,https://www.gbif.org/species/search?q=Melomys%20rubicola,https://www.morphosource.org/catalog?utf8=%E2%9C%93&q=Melomys%20rubicola,https://paleobiodb.org/#/taxon/list?taxon_name=Melomys%20rubicola,https://www.biodiversitylibrary.org/search?searchTerm=Melomys%20rubicola,https://3d.si.edu/search?q=Melomys%20rubicola,https://sketchfab.com/search?q=Melomys%20rubicola,,,0
Crocidura trichura,Christmas Island Shrew,Mammals,unified_priority_csv,"Sketchfab ""Shrew""",https://www.iucnredlist.org/search?query=Crocidura%20trichura,https://www.gbif.org/species/search?q=Crocidura%20trichura,https://www.morphosource.org/catalog?utf8=%E2%9C%93&q=Crocidura%20trichura,https://paleobiodb.org/#/taxon/list?taxon_name=Crocidura%20trichura,https://www.biodiversitylibrary.org/search?searchTerm=Crocidura%20trichura,https://3d.si.edu/search?q=Crocidura%20trichura,https://sketchfab.com/search?q=Crocidura%20trichura,,,0
Potorous platyops,Broad-faced Potoroo,Mammals,unified_priority_csv,"Sketchfab ""Potoroo""",https://www.iucnredlist.org/search?query=Potorous%20platyops,https://www.gbif.org/species/search?q=Potorous%20platyops,https://www.morphosource.org/catalog?utf8=%E2%9C%93&q=Potorous%20platyops,https://paleobiodb.org/#/taxon/list?taxon_name=Potorous%20platyops,https://www.biodiversitylibrary.org/search?searchTerm=Potorous%20platyops,https://3d.si.edu/search?q=Potorous%20platyops,https://sketchfab.com/search?q=Potorous%20platyops,,,0
Perameles papillon,Nullarbor Barred Bandicoot,Mammals,unified_priority_csv,"Sketchfab ""Bandicoot""",https://www.iucnredlist.org/search?query=Perameles%20papillon,https://www.gbif.org/species/search?q=Perameles%20papillon,https://www.morphosource.org/catalog?utf8=%E2%9C%93&q=Perameles%20papillon,https://paleobiodb.org/#/taxon/list?taxon_name=Perameles%20papillon,https://www.biodiversitylibrary.org/search?searchTerm=Perameles%20papillon,https://3d.si.edu/search?q=Perameles%20papillon,https://sketchfab.com/search?q=Perameles%20papillon,,,0
Perameles myosuros,Southern Long-nosed Bandicoot,Mammals,unified_priority_csv,"Sketchfab ""Bandicoot""",https://www.iucnredlist.org/search?query=Perameles%20myosuros,https://www.gbif.org/species/search?q=Perameles%20myosuros,https://www.morphosource.org/catalog?utf8=%E2%9C%93&q=Perameles%20myosuros,https://paleobiodb.org/#/taxon/list?taxon_name=Perameles%20myosuros,https://www.biodiversitylibrary.org/search?searchTerm=Perameles%20myosuros,https://3d.si.edu/search?q=Perameles%20myosuros,https://sketchfab.com/search?q=Perameles%20myosuros,,,0
Perameles notina,Southeastern Striped Bandicoot,Mammals,unified_priority_csv,"Sketchfab ""Bandicoot""",https://www.iucnredlist.org/search?query=Perameles%20notina,https://www.gbif.org/species/search?q=Perameles%20notina,https://www.morphosource.org/catalog?utf8=%E2%9C%93&q=Perameles%20notina,https://paleobiodb.org/#/taxon/list?taxon_name=Perameles%20notina,https://www.biodiversitylibrary.org/search?searchTerm=Perameles%20notina,https://3d.si.edu/search?q=Perameles%20notina,https://sketchfab.com/search?q=Perameles%20notina,,,0
Chaeropus ecaudatus,Southern Pig-footed Bandicoot,Mammals,unified_priority_csv,"Sketchfab ""Bandicoot""",https://www.iucnredlist.org/search?query=Chaeropus%20ecaudatus,https://www.gbif.org/species/search?q=Chaeropus%20ecaudatus,https://www.morphosource.org/catalog?utf8=%E2%9C%93&q=Chaeropus%20ecaudatus,https://paleobiodb.org/#/taxon/list?taxon_name=Chaeropus%20ecaudatus,https://www.biodiversitylibrary.org/search?searchTerm=Chaeropus%20ecaudatus,https://3d.si.edu/search?q=Chaeropus%20ecaudatus,https://sketchfab.com/search?q=Chaeropus%20ecaudatus,,,0
Chaeropus yirratji,Northern Pig-footed Bandicoot,Mammals,unified_priority_csv,"Sketchfab ""Bandicoot""",https://www.iucnredlist.org/search?query=Chaeropus%20yirratji,https://www.gbif.org/species/search?q=Chaeropus%20yirratji,https://www.morphosource.org/catalog?utf8=%E2%9C%93&q=Chaeropus%20yirratji,https://paleobiodb.org/#/taxon/list?taxon_name=Chaeropus%20yirratji,https://www.biodiversitylibrary.org/search?searchTerm=Chaeropus%20yirratji,https://3d.si.edu/search?q=Chaeropus%20yirratji,https://sketchfab.com/search?q=Chaeropus%20yirratji,,,0
Zalophus japonicus,Japanese Sea Lion,Mammals,unified_priority_csv,"Sketchfab ""Sea Lion""",https://www.iucnredlist.org/search?query=Zalophus%20japonicus,https://www.gbif.org/species/search?q=Zalophus%20japonicus,https://www.morphosource.org/catalog?utf8=%E2%9C%93&q=Zalophus%20japonicus,https://paleobiodb.org/#/taxon/list?taxon_name=Zalophus%20japonicus,https://www.biodiversitylibrary.org/search?searchTerm=Zalophus%20japonicus,https://3d.si.edu/search?q=Zalophus%20japonicus,https://sketchfab.com/search?q=Zalophus%20japonicus,,,0
Diceros bicornis longipes,Western Black Rhinoceros,Mammals,unified_priority_csv,"Sketchfab ""Black Rhino""",https://www.iucnredlist.org/search?query=Diceros%20bicornis%20longipes,https://www.gbif.org/species/search?q=Diceros%20bicornis%20longipes,https://www.morphosource.org/catalog?utf8=%E2%9C%93&q=Diceros%20bicornis%20longipes,https://paleobiodb.org/#/taxon/list?taxon_name=Diceros%20bicornis%20longipes,https://www.biodiversitylibrary.org/search?searchTerm=Diceros%20bicornis%20longipes,https://3d.si.edu/search?q=Diceros%20bicornis%20longipes,https://sketchfab.com/search?q=Diceros%20bicornis%20longipes,,,0
Dusicyon australis,Falkland Islands Wolf,Mammals,unified_priority_csv,"Sketchfab ""Falkland Wolf""",https://www.iucnredlist.org/search?query=Dusicyon%20australis,https://www.gbif.org/species/search?q=Dusicyon%20australis,https://www.morphosource.org/catalog?utf8=%E2%9C%93&q=Dusicyon%20australis,https://paleobiodb.org/#/taxon/list?taxon_name=Dusicyon%20australis,https://www.biodiversitylibrary.org/search?searchTerm=Dusicyon%20australis,https://3d.si.edu/search?q=Dusicyon%20australis,https://sketchfab.com/search?q=Dusicyon%20australis,,,0
Raphus cucullatus,Dodo,Birds,unified_priority_csv,"Sketchfab ""Dodo""",https://www.iucnredlist.org/search?query=Raphus%20cucullatus,https://www.gbif.org/species/search?q=Raphus%20cucullatus,https://www.morphosource.org/catalog?utf8=%E2%9C%93&q=Raphus%20cucullatus,https://paleobiodb.org/#/taxon/list?taxon_name=Raphus%20cucullatus,https://www.biodiversitylibrary.org/search?searchTerm=Raphus%20cucullatus,https://3d.si.edu/search?q=Raphus%20cucullatus,https://sketchfab.com/search?q=Raphus%20cucullatus,https://xeno-canto.org/explore?query=Raphus%20cucullatus,https://search.macaulaylibrary.org/catalog?searchField=species&q=Raphus%20cucullatus,1
Ectopistes migratorius,Passenger Pigeon,Birds,unified_priority_csv,"Sketchfab ""Passenger Pigeon""",https://www.iucnredlist.org/search?query=Ectopistes%20migratorius,https://www.gbif.org/species/search?q=Ectopistes%20migratorius,https://www.morphosource.org/catalog?utf8=%E2%9C%93&q=Ectopistes%20migratorius,https://paleobiodb.org/#/taxon/list?taxon_name=Ectopistes%20migratorius,https://www.biodiversitylibrary.org/search?searchTerm=Ectopistes%20migratorius,https://3d.si.edu/search?q=Ectopistes%20migratorius,https://sketchfab.com/search?q=Ectopistes%20migratorius,https://xeno-canto.org/explore?query=Ectopistes%20migratorius,https://search.macaulaylibrary.org/catalog?searchField=species&q=Ectopistes%20migratorius,2
Numenius tenuirostris,Slender-billed Curlew,Birds,unified_priority_csv,"Sketchfab ""Curlew""",https://www.iucnredlist.org/search?query=Numenius%20tenuirostris,https://www.gbif.org/species/search?q=Numenius%20tenuirostris,https://www.morphosource.org/catalog?utf8=%E2%9C%93&q=Numenius%20tenuirostris,https://paleobiodb.org/#/taxon/list?taxon_name=Numenius%20tenuirostris,https://www.biodiversitylibrary.org/search?searchTerm=Numenius%20tenuirostris,https://3d.si.edu/search?q=Numenius%20tenuirostris,https://sketchfab.com/search?q=Numenius%20tenuirostris,https://xeno-canto.org/explore?query=Numenius%20tenuirostris,https://search.macaulaylibrary.org/catalog?searchField=species&q=Numenius%20tenuirostris,0
Psittirostra psittacea,Ou,Birds,unified_priority_csv,"Sketchfab ""Honeycreeper""",https://www.iucnredlist.org/search?query=Psittirostra%20psittacea,https://www.gbif.org/species/search?q=Psittirostra%20psittacea,https://www.morphosource.org/catalog?utf8=%E2%9C%93&q=Psittirostra%20psittacea,https://paleobiodb.org/#/taxon/list?taxon_name=Psittirostra%20psittacea,https://www.biodiversitylibrary.org/search?searchTerm=Psittirostra%20psittacea,https://3d.si.edu/search?q=Psittirostra%20psittacea,https://sketchfab.com/search?q=Psittirostra%20psittacea,https://xeno-canto.org/explore?query=Psittirostra%20psittacea,https://search.macaulaylibrary.org/catalog?searchField=species&q=Psittirostra%20psittacea,0
Pinguinus impennis,Great Auk,Birds,unified_priority_csv,"Sketchfab ""Great Auk""",https://www.iucnredlist.org/search?query=Pinguinus%20impennis,https://www.gbif.org/species/search?q=Pinguinus%20impennis,https://www.morphosource.org/catalog?utf8=%E2%9C%93&q=Pinguinus%20impennis,https://paleobiodb.org/#/taxon/list?taxon_name=Pinguinus%20impennis,https://www.biodiversitylibrary.org/search?searchTerm=Pinguinus%20impennis,https://3d.si.edu/search?q=Pinguinus%20impennis,https://sketchfab.com/search?q=Pinguinus%20impennis,https://xeno-canto.org/explore?query=Pinguinus%20impennis,https://search.macaulaylibrary.org/catalog?searchField=species&q=Pinguinus%20impennis,1
Camptorhynchus labradorius,Labrador Duck,Birds,unified_priority_csv,"Sketchfab ""Labrador Duck""",https://www.iucnredlist.org/search?query=Camptorhynchus%20labradorius,https://www.gbif.org/species/search?q=Camptorhynchus%20labradorius,https://www.morphosource.org/catalog?utf8=%E2%9C%93&q=Camptorhynchus%20labradorius,https://paleobiodb.org/#/taxon/list?taxon_name=Camptorhynchus%20labradorius,https://www.biodiversitylibrary.org/search?searchTerm=Camptorhynchus%20labradorius,https://3d.si.edu/search?q=Camptorhynchus%20labradorius,https://sketchfab.com/search?q=Camptorhynchus%20labradorius,https://xeno-canto.org/explore?query=Camptorhynchus%20labradorius,https://search.macaulaylibrary.org/catalog?searchField=species&q=Camptorhynchus%20labradorius,0
Tachybaptus rufolavatus,Alaotra Grebe,Birds,unified_priority_csv,"Sketchfab ""Grebe""",https://www.iucnredlist.org/search?query=Tachybaptus%20rufolavatus,https://www.gbif.org/species/search?q=Tachybaptus%20rufolavatus,https://www.morphosource.org/catalog?utf8=%E2%9C%93&q=Tachybaptus%20rufolavatus,https://paleobiodb.org/#/taxon/list?taxon_name=Tachybaptus%20rufolavatus,https://www.biodiversitylibrary.org/search?searchTerm=Tachybaptus%20rufolavatus,https://3d.si.edu/search?q=Tachybaptus%20rufolavatus,https://sketchfab.com/search?q=Tachybaptus%20rufolavatus,https://xeno-canto.org/explore?query=Tachybaptus%20rufolavatus,https://search.macaulaylibrary.org/catalog?searchField=species&q=Tachybaptus%20rufolavatus,0
Corvus hawaiiensis,Hawaiian Crow,Birds,unified_priority_csv,San Diego Zoo recordings,https://www.iucnredlist.org/search?query=Corvus%20hawaiiensis,https://www.gbif.org/species/search?q=Corvus%20hawaiiensis,https://www.morphosource.org/catalog?utf8=%E2%9C%93&q=Corvus%20hawaiiensis,https://paleobiodb.org/#/taxon/list?taxon_name=Corvus%20hawaiiensis,https://www.biodiversitylibrary.org/search?searchTerm=Corvus%20hawaiiensis,https://3d.si.edu/search?q=Corvus%20hawaiiensis,https://sketchfab.com/search?q=Corvus%20hawaiiensis,https://xeno-canto.org/explore?query=Corvus%20hawaiiensis,https://search.macaulaylibrary.org/catalog?searchField=species&q=Corvus%20hawaiiensis,1
Conuropsis carolinensis,Carolina Parakeet,Birds,unified_priority_csv,"Sketchfab ""Parakeet""",https://www.iucnredlist.org/search?query=Conuropsis%20carolinensis,https://www.gbif.org/species/search?q=Conuropsis%20carolinensis,https://www.morphosource.org/catalog?utf8=%E2%9C%93&q=Conuropsis%20carolinensis,https://paleobiodb.org/#/taxon/list?taxon_name=Conuropsis%20carolinensis,https://www.biodiversitylibrary.org/search?searchTerm=Conuropsis%20carolinensis,https://3d.si.edu/search?q=Conuropsis%20carolinensis,https://sketchfab.com/search?q=Conuropsis%20carolinensis,https://xeno-canto.org/explore?query=Conuropsis%20carolinensis,https://search.macaulaylibrary.org/catalog?searchField=species&q=Conuropsis%20carolinensis,0
Campephilus imperialis,Imperial Woodpecker,Birds,unified_priority_csv,"Sketchfab ""Woodpecker""",https://www.iucnredlist.org/search?query=Campephilus%20imperialis,https://www.gbif.org/species/search?q=Campephilus%20imperialis,https://www.morphosource.org/catalog?utf8=%E2%9C%93&q=Campephilus%20imperialis,https://paleobiodb.org/#/taxon/list?taxon_name=Campephilus%20imperialis,https://www.biodiversitylibrary.org/search?searchTerm=Campephilus%20imperialis,https://3d.si.edu/search?q=Campephilus%20imperialis,https://sketchfab.com/search?q=Campephilus%20imperialis,https://xeno-canto.org/explore?query=Campephilus%20imperialis,https://search.macaulaylibrary.org/catalog?searchField=species&q=Campephilus%20imperialis,0
Vermivora bachmanii,Bachman’s Warbler,Birds,unified_priority_csv,"Sketchfab ""Warbler""",https://www.iucnredlist.org/search?query=Vermivora%20bachmanii,https://www.gbif.org/species/search?q=Vermivora%20bachmanii,https://www.morphosource.org/catalog?utf8=%E2%9C%93&q=Vermivora%20bachmanii,https://paleobiodb.org/#/taxon/list?taxon_name=Vermivora%20bachmanii,https://www.biodiversitylibrary.org/search?searchTerm=Vermivora%20bachmanii,https://3d.si.edu/search?q=Vermivora%20bachmanii,https://sketchfab.com/search?q=Vermivora%20bachmanii,https://xeno-canto.org/explore?query=Vermivora%20bachmanii,https://search.macaulaylibrary.org/catalog?searchField=species&q=Vermivora%20bachmanii,0
Psephotellus pulcherrimus,Paradise Parrot,Birds,unified_priority_csv,Australian Museum,https://www.iucnredlist.org/search?query=Psephotellus%20pulcherrimus,https://www.gbif.org/species/search?q=Psephotellus%20pulcherrimus,https://www.morphosource.org/catalog?utf8=%E2%9C%93&q=Psephotellus%20pulcherrimus,https://paleobiodb.org/#/taxon/list?taxon_name=Psephotellus%20pulcherrimus,https://www.biodiversitylibrary.org/search?searchTerm=Psephotellus%20pulcherrimus,https://3d.si.edu/search?q=Psephotellus%20pulcherrimus,https://sketchfab.com/search?q=Psephotellus%20pulcherrimus,https://xeno-canto.org/explore?query=Psephotellus%20pulcherrimus,https://search.macaulaylibrary.org/catalog?searchField=species&q=Psephotellus%20pulcherrimus,0
Ninox albifacies,Laughing Owl,Birds,unified_priority_csv,"Sketchfab ""Laughing Owl""",https://www.iucnredlist.org/search?query=Ninox%20albifacies,https://www.gbif.org/species/search?q=Ninox%20albifacies,https://www.morphosource.org/catalog?utf8=%E2%9C%93&q=Ninox%20albifacies,https://paleobiodb.org/#/taxon/list?taxon_name=Ninox%20albifacies,https://www.biodiversitylibrary.org/search?searchTerm=Ninox%20albifacies,https://3d.si.edu/search?q=Ninox%20albifacies,https://sketchfab.com/search?q=Ninox%20albifacies,https://xeno-canto.org/explore?query=Ninox%20albifacies,https://search.macaulaylibrary.org/catalog?searchField=species&q=Ninox%20albifacies,1
Tympanuchus cupido cupido,Heath Hen,Birds,unified_priority_csv,Smithsonian models,https://www.iucnredlist.org/search?query=Tympanuchus%20cupido%20cupido,https://www.gbif.org/species/search?q=Tympanuchus%20cupido%20cupido,https://www.morphosource.org/catalog?utf8=%E2%9C%93&q=Tympanuchus%20cupido%20cupido,https://paleobiodb.org/#/taxon/list?taxon_name=Tympanuchus%20cupido%20cupido,https://www.biodiversitylibrary.org/search?searchTerm=Tympanuchus%20cupido%20cupido,https://3d.si.edu/search?q=Tympanuchus%20cupido%20cupido,https://sketchfab.com/search?q=Tympanuchus%20cupido%20cupido,https://xeno-canto.org/explore?query=Tympanuchus%20cupido%20cupido,https://search.macaulaylibrary.org/catalog?searchField=species&q=Tympanuchus%20cupido%20cupido,0
Chelonoidis abingdonii,Pinta Giant Tortoise,Reptiles,unified_priority_csv,"Sketchfab ""Giant Tortoise""",https://www.iucnredlist.org/search?query=Chelonoidis%20abingdonii,https://www.gbif.org/species/search?q=Chelonoidis%20abingdonii,https://www.morphosource.org/catalog?utf8=%E2%9C%93&q=Chelonoidis%20abingdonii,https://paleobiodb.org/#/taxon/list?taxon_name=Chelonoidis%20abingdonii,https://www.biodiversitylibrary.org/search?searchTerm=Chelonoidis%20abingdonii,https://3d.si.edu/search?q=Chelonoidis%20abingdonii,https://sketchfab.com/search?q=Chelonoidis%20abingdonii,,,1
Cylindraspis indica,Réunion Giant Tortoise,Reptiles,unified_priority_csv,Mauritius museum,https://www.iucnredlist.org/search?query=Cylindraspis%20indica,https://www.gbif.org/species/search?q=Cylindraspis%20indica,https://www.morphosource.org/catalog?utf8=%E2%9C%93&q=Cylindraspis%20indica,https://paleobiodb.org/#/taxon/list?taxon_name=Cylindraspis%20indica,https://www.biodiversitylibrary.org/search?searchTerm=Cylindraspis%20indica,https://3d.si.edu/search?q=Cylindraspis%20indica,https://sketchfab.com/search?q=Cylindraspis%20indica,,,0
Cylindraspis triserrata,Domed Mauritius Giant Tortoise,Reptiles,unified_priority_csv,"Sketchfab ""Tortoise""",https://www.iucnredlist.org/search?query=Cylindraspis%20triserrata,https://www.gbif.org/species/search?q=Cylindraspis%20triserrata,https://www.morphosource.org/catalog?utf8=%E2%9C%93&q=Cylindraspis%20triserrata,https://paleobiodb.org/#/taxon/list?taxon_name=Cylindraspis%20triserrata,https://www.biodiversitylibrary.org/search?searchTerm=Cylindraspis%20triserrata,https://3d.si.edu/search?q=Cylindraspis%20triserrata,https://sketchfab.com/search?q=Cylindraspis%20triserrata,,,0
Cylindraspis peltastes,Rodrigues Giant Tortoise,Reptiles,unified_priority_csv,Rodrigues models,https://www.iucnredlist.org/search?query=Cylindraspis%20peltastes,https://www.gbif.org/species/search?q=Cylindraspis%20peltastes,https://www.morphosource.org/catalog?utf8=%E2%9C%93&q=Cylindraspis%20peltastes,https://paleobiodb.org/#/taxon/list?taxon_name=Cylindraspis%20peltastes,https://www.biodiversitylibrary.org/search?searchTerm=Cylindraspis%20peltastes,https://3d.si.edu/search?q=Cylindraspis%20peltastes,https://sketchfab.com/search?q=Cylindraspis%20peltastes,,,0
Bolyeria multocarinata,Round Island Burrowing Boa,Reptiles,unified_priority_csv,"Sketchfab ""Boa""",https://www.iucnredlist.org/search?query=Bolyeria%20multocarinata,https://www.gbif.org/species/search?q=Bolyeria%20multocarinata,https://www.morphosource.org/catalog?utf8=%E2%9C%93&q=Bolyeria%20multocarinata,https://paleobiodb.org/#/taxon/list?taxon_name=Bolyeria%20multocarinata,https://www.biodiversitylibrary.org/search?searchTerm=Bolyeria%20multocarinata,https://3d.si.edu/search?q=Bolyeria%20multocarinata,https://sketchfab.com/search?q=Bolyeria%20multocarinata,,,0
Hoplodactylus delcourti,Delcourt's Giant Gecko,Reptiles,unified_priority_csv,Museum casts,https://www.iucnredlist.org/search?query=Hoplodactylus%20delcourti,https://www.gbif.org/species/search?q=Hoplodactylus%20delcourti,https://www.morphosource.org/catalog?utf8=%E2%9C%93&q=Hoplodactylus%20delcourti,https://paleobiodb.org/#/taxon/list?taxon_name=Hoplodactylus%20delcourti,https://www.biodiversitylibrary.org/search?searchTerm=Hoplodactylus%20delcourti,https://3d.si.edu/search?q=Hoplodactylus%20delcourti,https://sketchfab.com/search?q=Hoplodactylus%20delcourti,,,0
Incilius periglenes,Golden Toad,Amphibians,unified_priority_csv,"Sketchfab ""Golden Toad""",https://www.iucnredlist.org/search?query=Incilius%20periglenes,https://www.gbif.org/species/search?q=Incilius%20periglenes,https://www.morphosource.org/catalog?utf8=%E2%9C%93&q=Incilius%20periglenes,https://paleobiodb.org/#/taxon/list?taxon_name=Incilius%20periglenes,https://www.biodiversitylibrary.org/search?searchTerm=Incilius%20periglenes,https://3d.si.edu/search?q=Incilius%20periglenes,https://sketchfab.com/search?q=Incilius%20periglenes,,,1
Cynops wolterstorffi,Yunnan Lake Newt,Amphibians,unified_priority_csv,Chinese museum,https://www.iucnredlist.org/search?query=Cynops%20wolterstorffi,https://www.gbif.org/species/search?q=Cynops%20wolterstorffi,https://www.morphosource.org/catalog?utf8=%E2%9C%93&q=Cynops%20wolterstorffi,https://paleobiodb.org/#/taxon/list?taxon_name=Cynops%20wolterstorffi,https://www.biodiversitylibrary.org/search?searchTerm=Cynops%20wolterstorffi,https://3d.si.edu/search?q=Cynops%20wolterstorffi,https://sketchfab.com/search?q=Cynops%20wolterstorffi,,,0
Litoria nyakalensis,Mountain Mist Frog,Amphibians,unified_priority_csv,"Sketchfab ""Mist Frog""",https://www.iucnredlist.org/search?query=Litoria%20nyakalensis,https://www.gbif.org/species/search?q=Litoria%20nyakalensis,https://www.morphosource.org/catalog?utf8=%E2%9C%93&q=Litoria%20nyakalensis,https://paleobiodb.org/#/taxon/list?taxon_name=Litoria%20nyakalensis,https://www.biodiversitylibrary.org/search?searchTerm=Litoria%20nyakalensis,https://3d.si.edu/search?q=Litoria%20nyakalensis,https://sketchfab.com/search?q=Litoria%20nyakalensis,,,0
Psephurus gladius,Chinese Paddlefish,Fishes,unified_priority_csv,"Sketchfab ""Paddlefish""",https://www.iucnredlist.org/search?query=Psephurus%20gladius,https://www.gbif.org/species/search?q=Psephurus%20gladius,https://www.morphosource.org/catalog?utf8=%E2%9C%93&q=Psephurus%20gladius,https://paleobiodb.org/#/taxon/list?taxon_name=Psephurus%20gladius,https://www.biodiversitylibrary.org/search?searchTerm=Psephurus%20gladius,https://3d.si.edu/search?q=Psephurus%20gladius,https://sketchfab.com/search?q=Psephurus%20gladius,,,1
Sympterichthys unipennis,Smooth Handfish,Fishes,unified_priority_csv,Australian museum scans,https://www.iucnredlist.org/search?query=Sympterichthys%20unipennis,https://www.gbif.org/species/search?q=Sympterichthys%20unipennis,https://www.morphosource.org/catalog?utf8=%E2%9C%93&q=Sympterichthys%20unipennis,https://paleobiodb.org/#/taxon/list?taxon_name=Sympterichthys%20unipennis,https://www.biodiversitylibrary.org/search?searchTerm=Sympterichthys%20unipennis,https://3d.si.edu/search?q=Sympterichthys%20unipennis,https://sketchfab.com/search?q=Sympterichthys%20unipennis,,,0
Glaucopsyche xerces,Xerces Blue Butterfly,Invertebrates,unified_priority_csv,"Sketchfab ""Xerces Blue""",https://www.iucnredlist.org/search?query=Glaucopsyche%20xerces,https://www.gbif.org/species/search?q=Glaucopsyche%20xerces,https://www.morphosource.org/catalog?utf8=%E2%9C%93&q=Glaucopsyche%20xerces,https://paleobiodb.org/#/taxon/list?taxon_name=Glaucopsyche%20xerces,https://www.biodiversitylibrary.org/search?searchTerm=Glaucopsyche%20xerces,https://3d.si.edu/search?q=Glaucopsyche%20xerces,https://sketchfab.com/search?q=Glaucopsyche%20xerces,,,1
Conus lugubris,Lugubrious cone snail,Invertebrates,research_supplement,Marine invertebrate; different 3D/audio workflow than vertebrates.,https://www.iucnredlist.org/search?query=Conus%20lugubris,https://www.gbif.org/species/search?q=Conus%20lugubris,https://www.morphosource.org/catalog?utf8=%E2%9C%93&q=Conus%20lugubris,https://paleobiodb.org/#/taxon/list?taxon_name=Conus%20lugubris,https://www.biodiversitylibrary.org/search?searchTerm=Conus%20lugubris,https://3d.si.edu/search?q=Conus%20lugubris,https://sketchfab.com/search?q=Conus%20lugubris,,,0
Pieris wollastoni,Madeira large white,Insects,research_supplement,Low museum-audio potential; strong for Context (island endemism).,https://www.iucnredlist.org/search?query=Pieris%20wollastoni,https://www.gbif.org/species/search?q=Pieris%20wollastoni,https://www.morphosource.org/catalog?utf8=%E2%9C%93&q=Pieris%20wollastoni,https://paleobiodb.org/#/taxon/list?taxon_name=Pieris%20wollastoni,https://www.biodiversitylibrary.org/search?searchTerm=Pieris%20wollastoni,https://3d.si.edu/search?q=Pieris%20wollastoni,https://sketchfab.com/search?q=Pieris%20wollastoni,,,0
Lipotes vexillifer,Baiji,Mammals,research_supplement,Often cited as a cetacean possibly extinct due to human activity; wording must match IUCN category.,https://www.iucnredlist.org/search?query=Lipotes%20vexillifer,https://www.gbif.org/species/search?q=Lipotes%20vexillifer,https://www.morphosource.org/catalog?utf8=%E2%9C%93&q=Lipotes%20vexillifer,https://paleobiodb.org/#/taxon/list?taxon_name=Lipotes%20vexillifer,https://www.biodiversitylibrary.org/search?searchTerm=Lipotes%20vexillifer,https://3d.si.edu/search?q=Lipotes%20vexillifer,https://sketchfab.com/search?q=Lipotes%20vexillifer,,,1
Oophaga speciosa,Splendid poison frog,Amphibians,research_supplement,Strong pharm/toxin framing; pairs with golden toad narrative.,https://www.iucnredlist.org/search?query=Oophaga%20speciosa,https://www.gbif.org/species/search?q=Oophaga%20speciosa,https://www.morphosource.org/catalog?utf8=%E2%9C%93&q=Oophaga%20speciosa,https://paleobiodb.org/#/taxon/list?taxon_name=Oophaga%20speciosa,https://www.biodiversitylibrary.org/search?searchTerm=Oophaga%20speciosa,https://3d.si.edu/search?q=Oophaga%20speciosa,https://sketchfab.com/search?q=Oophaga%20speciosa,,,0
Melamprosops phaeosoma,Hawaiian honeycreeper (Poʻouli),Birds,research_supplement,Complements other Hawaiian forest birds in core list.,https://www.iucnredlist.org/search?query=Melamprosops%20phaeosoma,https://www.gbif.org/species/search?q=Melamprosops%20phaeosoma,https://www.morphosource.org/catalog?utf8=%E2%9C%93&q=Melamprosops%20phaeosoma,https://paleobiodb.org/#/taxon/list?taxon_name=Melamprosops%20phaeosoma,https://www.biodiversitylibrary.org/search?searchTerm=Melamprosops%20phaeosoma,https://3d.si.edu/search?q=Melamprosops%20phaeosoma,https://sketchfab.com/search?q=Melamprosops%20phaeosoma,https://xeno-canto.org/explore?query=Melamprosops%20phaeosoma,https://search.macaulaylibrary.org/catalog?searchField=species&q=Melamprosops%20phaeosoma,0
